Changed,code system,CS Version,name,Title,CS Description,CS Committee,CS OID,CS Copyright,CS Source Resource,code,Display,Definition,Appendix,
,http://hl7.org/fhir/fm-status,4.0.1,FinancialResourceStatusCodes,Financial Resource Status Codes,This set of codes includes Status codes.,Financial Management  Work Group,fm-status,HL7 International.,codesystem-fm-status.json,active,Active,The instance is currently in-force.,,
,,,,,,,,,,cancelled,Cancelled,"The instance is withdrawn, rescinded or reversed",,
,,,,,,,,,,draft,Draft,A new instance the contents of which is not complete,,
,,,,,,,,,,entered-in-error,Entered in Error,The instance was entered in error,,
,http://terminology.hl7.org/CodeSystem/claim-type,,ClaimTypeCodes,Claim Type Codes,This code set includes Claim Type codes.,Financial Management  Work Group,claim-type,HL7 International.,codesystem-claim-type.json,institutional,institutional,"Hospital, clinic inpatient claims",,
,,,,,,,,,,oral ,Dental,"Dental, Denture and Hygiene claims",,
,,,,,,,,,,pharmacy,Pharmacy,Pharmacy claims for goods and services,,
,,,,,,,,,,professional,professional,"Outpatient claims from Physician, Psychological, Chiropractor, Physiotherapy, Speech Pathology, rehabilitative, consultation",,
,,,,,,,,,,vision,Optical,Vision claims for professional services and products such as glasses and contact lenses,,
,http://nphies.sa/terminology/CodeSystem/claim-subtype,1.0.0,ClaimSubType,Claim SubType,"Claim SubType codes which are used to identify different types of claims within broader claim type for example: within type 'institutional' there may be subtypes for 'emergency' services, ' inpatient' and 'outpatient'.",nphies profiles committee,claim-subtype,nphies,,ip,InPatient,"Hospital, clinic inpatient claims",,
,,,,,,,,,,op,OutPatient,"Outpatient claims from Physician, Psychological, Chiropractor, Physiotherapy, Speech Pathology, rehabilitative, consultation",,
,,,,,,,,,,emr,Emergency,A claim for emergency services,,
,http://hl7.org/fhir/claim-use,,Use,Use,"The purpose of the Claim: predetermination, preauthorization, claim.",Financial Management  Work Group,claim-use,HL7 International.,codesystem-claim-use.json,claim,Claim,The treatment is complete and this represents a Claim for the services,,
,,,,,,,,,,preauthorization,Preauthorization,The treatment is proposed and this represents a Pre-authorization for the services,,
,,,,,,,,,,predetermination,Predetermination,The treatment is proposed and this represents a Pre-determination for the services,,
,http://terminology.hl7.org/CodeSystem/processpriority,,ProcessPriorityCodes,Process Priority Codes,This code set includes the financial processing priority codes.,Financial Management  Work Group,process-priority,HL7 International.,codesystem-process-priority.json,stat,Immediate,Immediately in real time,,
,,,,,,,,,,normal,Normal,With best effort,,
,,,,,,,,,,deferred,Deferred,"Later, when possible",,
,http://terminology.hl7.org/CodeSystem/fundsreserve,,Funds Reservation Codes,FundsReserve,This code set includes sample funds reservation type codes.,Financial Management  Work Group,fundsreserve,HL7 International.,codesystem-fundsreserve.json,patient,Patient,The payor is requested to reserve funds for the provision of the named services by any provider for settlement of future claims related to this request,,
FALSE,,,,,,,,,,provider,Provider,The payor is requested to reserve funds solely for the named provider for settlement of future claims related to this request,,
FALSE,,,,,,,,,,none,None,The payor is not being requested to reserve any funds for the settlement of future claims,,
TRUE,http://nphies.sa/terminology/CodeSystem/related-claim-relationship,1.0.0,RelatedClaimRelationship,Related Claim Relationship,This code set includes sample Related Claim Relationship codes.,nphies profiles committee,related-claim-relationship,nphies,,prior,Prior Claim,A prior claim instance for the same intended suite of services,,
TRUE,,,,,,nphies profiles committee,,,,associated,Associated Claim,A claim for a different suite of services which is related the suite claimed here,,
TRUE,,,,,,,,,,appealing,Appealing,Appealing for a precription,,
TRUE,,,,,,nphies profiles committee,,,,extend,Authorization to extend,A prior authorization for a suite of services which is to be extended by this authorization.,,
FALSE,http://terminology.hl7.org/CodeSystem/payeetype,,Claim Payee Type Codes,PayeeType,This code set includes Payee Type codes.,nphies profiles committee,payeetype,HL7 International.,codesystem-payeetype.json,subscriber,Subscriber,The subscriber (policy holder) will be reimbursed,,
FALSE,,,,,,nphies profiles committee,,,,provider,Provider,Any benefit payable will be paid to the provider (Assignment of Benefit),,
FALSE,,,,,,nphies profiles committee,,,,other ,Provider,Any benefit payable will be paid to a third party such as a guarrantor,,
FALSE,http://terminology.hl7.org/CodeSystem/claimcareteamrole,,ClaimCareTeamRoleCodes,Claim Care Team Role Codes,This code set includes  Claim Care Team Role codes.,nphies profiles committee,claim-careteamrole,HL7 International.,codesystem-claim-careteamrole.json,primary,Primary provider,The primary care provider,,
FALSE,,,,,,nphies profiles committee,,,,assist,Assisting Provider,Assisting care provider,,
FALSE,,,,,,nphies profiles committee,,,,supervisor,Supervising Provider,Supervising care provider,,
FALSE,,,,,,nphies profiles committee,,,,other ,Other,Other role on the care team,,
TRUE,http://nphies.sa/terminology/CodeSystem/claim-information-category,1.0.0,ClaimInformationCategory,Claim Information Category,"The general class of the information supplied: information; exception; accident, employment; onset, etc.",nphies profiles committee,claim-information-category,nphies,,info,Information,Codes conveying additional situation and condition information.,,
TRUE,,,,,,,,,,onset,Onset,"Period, start or end dates of aspects of the Condition.",,
TRUE,,,,,,,,,,attachment,Attachment,"Materials attached such as images, documents and resources.",,
TRUE,,,,,,,,,,missingtooth,Missing Tooth,"Teeth which are missing for any reason, for example: prior extraction, never developed.",,
TRUE,,,,,,,,,,hospitalized,Hospitalized,"An indication that the patient was hospitalized, the period if known otherwise a Yes/No (boolean).",,
TRUE,,,,,,,,,,employmentImpacted,EmploymentImpacted,"An indication that the patient was unable to work, the period if known otherwise a Yes/No (boolean).",,
TRUE,,,,,,,,,,lab-test,lab-test,test code,,
TRUE,,,,,,,,,,reason-for-visit,Reason for visit,Reason for visit,,
TRUE,,,,,,,,,,days-supply,Days Supply,Days Supply,,
TRUE,,,,,,,,,,vital-sign-weight,Weight,Weight,,
TRUE,,,,,,,,,,vital-sign-systolic,Systolic,Systolic,,
TRUE,,,,,,,,,,vital-sign-diastolic,Diastolic,Diastolic,,
TRUE,,,,,,,,,,icu-hours,ICU Hours,Number of hours spent in ICU,,
TRUE,,,,,,,,,,ventilation-hours,Ventilation Hours,Number of hours under mechanical ventilation,,
TRUE,,,,,,,,,,vital-sign-height,Height,Height,,
TRUE,,,,,,,,,,chief-complaint,chief complaint,"A concise statement describing the symptom, problem, condition, diagnosis, physician-recommended return, or other reason for a medical encounter",,
TRUE,,,,,,,,,,birth-weight,Birth Weight,"Birth weight is the first weight of the new born, taken just after he is born",,
TRUE,,,,,,,,,,temperature,Temperature,The body temperature in degree celsius,,
TRUE,,,,,,,,,,pulse,Pulse,Pulse rate per minute,,
TRUE,,,,,,,,,,oxygen-saturation,Oxygen Saturation,Blood oxygen saturation in %,,
TRUE,,,,,,,,,,respiratory-rate,Respiratory Rate,Respiratory rate per minute,,
TRUE,,,,,,,,,,morphology,Morphology,historical morphology of the reported tumor diagnosis,,
TRUE,,,,,,,,,,last-menstrual-period,Last Menstrual Period,Start date of last menstrual period,,
TRUE,,,,,,,,,,treatment-plan,Treatment Plan,Treatment Plan,,
TRUE,,,,,,,,,,patient-history,patient history,patient's past surgical and medical history,,
TRUE,,,,,,,,,,physical-examination,Physical Examination,Physical Examination,,
TRUE,,,,,,,,,,history-of-present-illness,history Of Present Illness,history Of Present Illness,,
TRUE,,,,,,,,,,admission-weight,Admission Weight,Admission Weight,,
TRUE,,,,,,,,,,estimated-Length-of-Stay,Estimated Length Of Stay,Estimated Length Of Stay,,
TRUE,,,,,,,,,,investigation-result,Investigation Result,Investigation Result,,
TRUE,http://nphies.sa/terminology/CodeSystem/info-reason,1.0.0,InfoReason,InfoReason,A code to indicate the reason for submitting the supporting information.,nphies profiles committee,info-reason,nphies,,Missing-info,Missing information,Missing information that will be required for the adjudication and processing of the message,,
TRUE,,,,,,nphies profiles committee,,,,Missing-attach,Missing attachment,Missing attachment  that will be required for the adjudication and processing of the message,,
TRUE,,,,,,nphies profiles committee,,,,Info-Correct,Information correction,Payer request to the provider to submit a corrected information based on their agreement,,
TRUE,http://hl7.org/fhir/sid/icd-10-am,1.0.0,ICD-10-AM,ICD-10-AM,"This code set includes Diagnosis Codes, Include​s: Ophthalmology, Rehabilitation (ICD-10-AM/ACS Tenth Edition)",WHO,diagnosis-icd-10-am,WHO,,---,---,List of ICD-10-AM codes is available and downloadable from website: https://www.seha.sa/ ,External: ICD-10-AM,
TRUE,http://nphies.sa/terminology/CodeSystem/diagnosis-type,1.0.0,DiagnosisType,Diagnosis Type,This code set defines a set of codes that can be used to express the role of a diagnosis.,nphies profiles committee,diagnosis-type,nphies,,admitting,Admitting Diagnosis,The diagnosis given as the reason why the patient was admitted to the hospital.,,
TRUE,,,,,,nphies profiles committee,,,,differential,Differential Diagnosis,"One of a set of the possible diagnoses that could be connected to the signs, symptoms, and lab findings.",,
,,,,,,,,,,secondary,Secondary Diagnosis,A condition or complaint either coexisting with the principal diagnosis or arising during a service event or episode.,,
TRUE,,,,,,nphies profiles committee,,,,discharge,Discharge Diagnosis,The diagnosis given when the patient is discharged from the hospital.,,
TRUE,,,,,,nphies profiles committee,,,,principal,Principal Diagnosis,The single medical diagnosis that is most relevant to the patient's chief complaint or need for treatment.,,
TRUE,http://nphies.sa/terminology/CodeSystem/diagnosis-on-admission,1.0.0,DiagnosisOnAdmission,Diagnosis on Admission,Code to indicate whether or not a diagnosis was present,nphies profiles committee,diagnosis-on-admission,nphies,,y,Yes,Diagnosis was present at time of inpatient admission.,,
TRUE,,,,,,nphies profiles committee,,,,n,No,Diagnosis was not present at time of inpatient admission.,,
TRUE,,,,,,nphies profiles committee,,,,u,Unknown,Documentation insufficient to determine if condition was present at the time of inpatient admission,,
FALSE,http://terminology.hl7.org/CodeSystem/v3-ActCode,2.0.0,ActCode,ActCode,A code specifying the particular kind of Act that the Act-instance represents within its class.,Health Level 7,v3-ActCode,HL7 International.,codesystem-v3-ActCode.json,---,---,List available on FHIR website on the url: http://terminology.hl7.org/CodeSystem/v3-ActCode,,
TRUE,http://nphies.sa/terminology/CodeSystem/transportation-srca,1.0.0,TransportationSrca,Transportation Srca,This code set includes  Ambulance and transportation services (SRCA),nphies profiles committee,transportation-srca,nphies,,---,---,List of Transportation Srca codes is available in a separate excel workbook Appendix: transportation-srca,External: transportation-srca,
TRUE,http://nphies.sa/terminology/CodeSystem/imaging,1.0.0,Imaging,Imaging,This code set includes Imaging Procedures,nphies profiles committee,imaging,nphies,,---,---,List of Imaging codes is available in a separate excel workbook Appendix: imaging,External: imaging,
TRUE,http://nphies.sa/terminology/CodeSystem/laboratory,1.0.0,Laboratory,Laboratory,"This code set includes  Laboratory tests, observations and Blood Bank products",nphies profiles committee,laboratory,nphies,,---,---,List of laboratory codes is available in a separate excel workbook Appendix: laboratory,External: laboratory,
TRUE,http://nphies.sa/terminology/CodeSystem/medical-devices,1.0.0,MedicalDevices,Medical Devices,This code set includes Medical devices,nphies profiles committee,medical-devices,nphies,,---,---,List of Medical Devices codes is available in a separate excel workbook Appendix: medical-devices,External: medical-devices,
TRUE,http://nphies.sa/terminology/CodeSystem/oral-health-ip,1.0.0,OralHealthIp,Oral Health Ip,This code set includes Oral Health - In-patient,nphies profiles committee,oral-health-ip,nphies,,---,---,List of Oral Health Inp atientcodes is available in a separate excel workbook Appendix: oral-health-ip,External: oral-health-ip,
TRUE,http://nphies.sa/terminology/CodeSystem/oral-health-op,1.0.0,OralHealthOp,Oral Health Op,This code set includes  Oral Health - Out-patient,nphies profiles committee,oral-health-op,nphies,,---,---,List of Oral Health Outpatient codes is available in a separate excel workbook Appendix: oral-health-op,External: oral-health-op,
TRUE,http://nphies.sa/terminology/CodeSystem/medication-codes,1.0.0,MedicationCodes,MedicationCodes,This code set This value set includes all drug or medicament substance codes and all pharmaceutical products,nphies profiles committee,medication-codes,nphies,,---,---,List of Medication Codes  is available in a separate excel workbook Appendix: medication-codes,External: medication-codes,
TRUE,http://nphies.sa/terminology/CodeSystem/procedures,1.0.0,Procedures,Procedures,This code set includes  Procedures / Health interventions ,nphies profiles committee,procedures,nphies,,---,---,List of Procedures Inpatient codes is available in a separate excel workbook Appendix: procedures,External: procedures,
TRUE,http://nphies.sa/terminology/CodeSystem/services,1.0.0,Services,services,"This code set includes Room and Board, In-patient Rounding, Consultations, Services",nphies profiles committee,services,nphies,,---,---,List of Service codes is available in a separate excel workbook Appendix: services,External: services,
TRUE,http://nphies.sa/terminology/CodeSystem/body-site,1.0.0,BodySite,Body Site,"This code set includes Specific and identified anatomical location of the service provided to the patient (limb, tooth, etc.)",nphies profiles committee,body-site,nphies,,---,---,List of body site codes is available in the Appendix: body-site,Sheet: body-site,
TRUE,http://nphies.sa/terminology/CodeSystem/subsite,1.0.0,SubSite,Sub Site,"This code set contains codes to indicate the A sublocation region or surface of the bodySite, e.g. limb region or tooth surface(s).",nphies profiles committee,subsite,nphies,,R,Right,Right,,
TRUE,,,,,,nphies profiles committee,,,,L,Left,Left,,
TRUE,,,,,,nphies profiles committee,,,,U,Upper ,Upper ,,
TRUE,,,,,,nphies profiles committee,,,,D,Down,Down,,
TRUE,,,,,,nphies profiles committee,,,,A,Anterior,Anterior,,
TRUE,,,,,,nphies profiles committee,,,,P,Posterior,Exterior,,
TRUE,,,,,,nphies profiles committee,,,,I,interior,interior,,
TRUE,,,,,,nphies profiles committee,,,,E,Exterior,Exterior,,
TRUE,http://nphies.sa/terminology/CodeSystem/fdi-oral-region,1.0.0,FDIOralRegion,FDI Oral Region,This code set contains codes to indicate the FDI tooth region ,nphies profiles committee,fdi-oral-region,FDI,,---,---,List of FDI tooth region codes is available in the Appendix: fdi-tooth-sites,Sheet: fdi-oral-region,
TRUE,http://nphies.sa/terminology/CodeSystem/fdi-tooth-surface,1.0.0,SurfaceCodes,Surface Codes,This value set includes a list of the FDI tooth surface codes.,nphies profiles committee,fdi-tooth-surface,FDI,,---,---,List of FDI tooth surface codes is available in the Appendix: fdi-tooth-surface,Sheet: fdi-tooth-surface,
TRUE,http://nphies.sa/terminology/CodeSystem/diagnosis-related-group,1.0.0,DiagnosisRelatedGroup,Diagnosis Related Group,This code set contains codes to indicate the Diagnosis Related Goup code for value-based care,nphies profiles committee,diagnosis-related-group,WHO,,---,---,List of Diagnosis Related Group codes is available in the Appendix: diagnosis-related-group,Appendix: diagnosis-related-group,
FALSE,http://hl7.org/fhir/bundle-type,,BundleType,"	BundleType",Indicates the purpose of a bundle - how it is intended to be used.,nphies profiles committee,bundle-type,HL7 International.,codesystem-bundle-type.json,document,Document,The bundle is a document. The first resource is a Composition.,,
FALSE,,,,,,nphies profiles committee,,,,message,Message,The bundle is a message. The first resource is a MessageHeader.,,
FALSE,,,,,,nphies profiles committee,,,,transaction,Transaction,The bundle is a transaction - intended to be processed by a server as an atomic commit.,,
FALSE,,,,,,nphies profiles committee,,,,transaction-response,Transaction Response,"The bundle is a transaction response. Because the response is a transaction response, the transaction has succeeded, and all responses are error free.",,
FALSE,,,,,,nphies profiles committee,,,,batch,Batch,The bundle is a set of actions - intended to be processed by a server as a group of independent actions.,,
FALSE,,,,,,nphies profiles committee,,,,batch-response,Batch Response,"The bundle is a batch response. Note that as a batch, some responses may indicate failure and others success.",,
FALSE,,,,,,nphies profiles committee,,,,history,History List,The bundle is a list of resources from a history interaction on a server.,,
FALSE,,,,,,nphies profiles committee,,,,searchset,Search Results,"The bundle is a list of resources returned as a result of a search/query interaction, operation, or message.",,
FALSE,,,,,,nphies profiles committee,,,,collection,Collection,The bundle is a set of resources collected into a single package for ease of distribution that imposes no processing obligations or behavioral rules beyond persistence.,,
FALSE,http://hl7.org/fhir/administrative-gender,,AdministrativeGender,AdministrativeGender,The gender of a person used for administrative purposes.,nphies profiles committee,administrative-gender,HL7 International.,codesystem-administrative-gender.json,male,Male,Male.,,
FALSE,,,,,,nphies profiles committee,,,,female,Female,Female.,,
FALSE,,,,,,nphies profiles committee,,,,other,Other,Other.,,
FALSE,,,,,,nphies profiles committee,,,,unknown,Unknown,Unknown,,
TRUE,http://nphies.sa/terminology/CodeSystem/ksa-administrative-gender,1.0.0,KSAAdministrativeGender,KSA Administrative Gender,The Saudi codeset for administrative genders,nphies profiles committee,ksa-administrative-gender,nphies,,male,Male,Male.,,
TRUE,,,,,,nphies profiles committee,,,,female,Female,Female.,,
TRUE,,,,,,nphies profiles committee,,,,unknown,unknown,Other.,,
TRUE,,,,,,nphies profiles committee,,,,U,Undetermined,Unknown,,
TRUE,,,,,,nphies profiles committee,,,,N,Undifferentiated ,Undifferentiated ,,
TRUE,,,,,,nphies profiles committee,,,,A,Sex changed to Male ,Sex changed to Male ,,
TRUE,,,,,,nphies profiles committee,,,,B,Sex changed to female ,Sex changed to female ,,
TRUE,,,,,,nphies profiles committee,,,,C,Not Completed ,Not Completed ,,
TRUE,http://nphies.sa/terminology/CodeSystem/practitioner-role,1.0.0,PractitionerRole,Practitioner Role,Defines a set of codes that can be used to indicate the role of a Practitioner.,nphies profiles committee,practitioner-role,nphies,,doctor,Doctor,A qualified/registered medical practitioner,,
TRUE,,,,,,nphies profiles committee,,,,nurse,Nurse,A practitioner with nursing experience that may be qualified/registered,,
TRUE,,,,,,nphies profiles committee,,,,pharmacist,Pharmacist,A qualified/registered/licensed pharmacist,,
TRUE,,,,,,nphies profiles committee,,,,researcher,Researcher,A practitioner that may perform research,,
TRUE,,,,,,nphies profiles committee,,,,teacher,Teacher/educator,Someone who is able to provide educational services,,
TRUE,,,,,,nphies profiles committee,,,,dentist,Dentist,A qualified/registered dentist,,
TRUE,,,,,,nphies profiles committee,,,,physio,Physiotherapist,A qualified/registered Physiotherapist,,
TRUE,,,,,,nphies profiles committee,,,,speech,Speechtherapist,A qualified/registered Speechtherapist,,
TRUE,,,,,,nphies profiles committee,,,,ict,ICT professional,Someone who is qualified in Information and Communication Technologies,,
TRUE,http://nphies.sa/terminology/CodeSystem/practice-codes,1.0.0,PracticeCodes,PracticeCodes,A code specifying the practitioner specialty,nphies profiles committee,practice-codes,,,---,---,list of specialties is available in the Appendix: specialty,Sheet: specialty,
TRUE,http://nphies.sa/terminology/CodeSystem/coverage-type,1.0.0,CoverageType,Coverage Type,Codes for the type of insurance product,nphies profiles committee,coverage-type,nphies,,EHCPOL,extended healthcare,Private insurance policy that provides coverage in addition to other policies (e.g. in addition to a Public Healthcare insurance policy).,,
TRUE,,,,,,nphies profiles committee,,,,PUBLICPOL,public healthcare,"Insurance policy funded by a public health system such as a provincial or national health plan. Examples include BC MSP (British Columbia Medical Services Plan) OHIP (Ontario Health Insurance Plan), NHS (National Health Service).",,
FALSE,http://terminology.hl7.org/CodeSystem/coverage-class,,CoverageClassCodes,Coverage Class Codes,This value set includes Coverage Class codes.,nphies profiles committee,coverage-class,HL7 International.,codesystem-coverage-class.json,group,Group,An employee group,,
FALSE,,,,,,nphies profiles committee,,,,subgroup,SubGroup,A sub-group of an employee group,,
FALSE,,,,,,nphies profiles committee,,,,plan,Plan,A specific suite of benefits.,,
FALSE,,,,,,nphies profiles committee,,,,subplan,SubPlan,A subset of a specific suite of benefits.,,
FALSE,,,,,,nphies profiles committee,,,,class,Class,A class of benefits.,,
FALSE,,,,,,nphies profiles committee,,,,subclass,SubClass,A subset of a class of benefits.,,
FALSE,,,,,,nphies profiles committee,,,,sequence,Sequence,A sequence number associated with a short-term continuance of the coverage.,,
FALSE,,,,,,nphies profiles committee,,,,rxbin,RX BIN,Pharmacy benefit manager's Business Identification Number.,,
FALSE,,,,,,nphies profiles committee,,,,rxpcn,RX PCN,A Pharmacy Benefit Manager specified Processor Control Number.,,
FALSE,,,,,,nphies profiles committee,,,,rxid,RX Id,A Pharmacy Benefit Manager specified Member ID.,,
FALSE,,,,,,nphies profiles committee,,,,rxgroup,RX Group,A Pharmacy Benefit Manager specified Group number.,,
TRUE,http://nphies.sa/terminology/CodeSystem/coverage-copay-type,1.0.0,CoverageCopayType,Coverage Copay Type,Codes indicating the type of service for which a copay is specified and copayment maximum limit or rate. Copayment Type codes.,nphies profiles committee,coverage-copay-type,nphies,,gpvisit,GP Office Visit,An office visit for a general practitioner of a discipline.,,
TRUE,,,,,,nphies profiles committee,,,,spvisit,Specialist Office Visit,An office visit for a specialist practitioner of a discipline,,
TRUE,,,,,,nphies profiles committee,,,,copaypct,Copay Percentage,A standard percentage applied to all classes or service or product not otherwise specified.,,
TRUE,,,,,,nphies profiles committee,,,,copay,Copay Amount,A standard fixed currency amount applied to all classes or service or product not otherwise specified.,,
TRUE,,,,,,nphies profiles committee,,,,deductible,Deductible,The accumulated amount of patient payment before the coverage begins to pay for services.,,
TRUE,,,,,,,,,,maxoutofpocket,Maximum out of pocket,"The maximum amout of payment for services which a patient, or family, is expected to incur - typically annually",,
TRUE,,,,,,nphies profiles committee,,,,maxcopay,maxcopay,A maximum amout of payment for services which a patient is expected to incur per episode.,,
FALSE,http://nphies.sa/terminology/CodeSystem/coverage-financial-exception,,CoverageFinancialException,Coverage Financial Exception,This value set includes Coverage Financial Exception Codes.,nphies profiles committee,coverage-financial-exception,nphies,,retired,Retired,Retired persons have all copays and deductibles reduced.,,
FALSE,,,,,,nphies profiles committee,,,,foster,Foster child,Children in the foster care have all copays and deductibles waived,,
FALSE,http://hl7.org/fhir/event-status,,EventStatus,Event Status,Codes identifying the lifecycle stage of an event.,nphies profiles committee,event-status,HL7 International.,codesystem-event-status.json,preparation,Preparation,"The core event has not started yet, but some staging activities have begun (e.g. surgical suite preparation). Preparation stages may be tracked for billing purposes.",,
FALSE,,,,,,nphies profiles committee,,,,in-progress,In Progress,The event is currently occurring.,,
FALSE,,,,,,nphies profiles committee,,,,not-done,Not Done,The event was terminated prior to any activity beyond preparation. I.e. The 'main' activity has not yet begun. The boundary between preparatory and the 'main' activity is context-specific.,,
FALSE,,,,,,nphies profiles committee,,,,on-hold,On Hold,The event has been temporarily stopped but is expected to resume in the future.,,
FALSE,,,,,,nphies profiles committee,,,,stopped,Stopped,The event was terminated prior to the full completion of the intended activity but after at least some of the 'main' activity (beyond preparation) has occurred.,,
FALSE,,,,,,nphies profiles committee,,,,completed,Completed,The event has now concluded.,,
FALSE,,,,,,nphies profiles committee,,,,entered-in-error,Entered in Error,"This electronic record should never have existed, though it is possible that real-world decisions were based on it. (If real-world activity has occurred, the status should be ""stopped"" rather than ""entered-in-error"".).",,
FALSE,,,,,,nphies profiles committee,,,,unknown,Unknown,"The authoring/source system does not know which of the status values currently applies for this event. Note: This concept is not to be used for ""other"" - one of the listed statuses is presumed to apply, but the authoring/source system does not know which.",,
FALSE,http://terminology.hl7.org/CodeSystem/communication-category,,CommunicationCategory,CommunicationCategory,"Codes for general categories of communications such as alerts, instructions, etc.",nphies profiles committee,communication-category,HL7 International.,codesystem-communication-category.json,alert,Alert,The communication conveys an alert.,,
FALSE,,,,,,nphies profiles committee,,,,notification,Notification,The communication conveys a notification.,,
FALSE,,,,,,nphies profiles committee,,,,reminder,Reminder,The communication conveys a reminder.,,
FALSE,,,,,,nphies profiles committee,,,,instruction,Instruction,The communication conveys an instruction,,
FALSE,http://hl7.org/fhir/request-priority,,RequestPriority,Request Priority,Identifies the level of importance to be assigned to actioning the request.,nphies profiles committee,request-priority,HL7 International.,codesystem-request-priority.json,routine,Routine,The request has normal priority.,,
FALSE,,,,,,nphies profiles committee,,,,urgent,Urgent,The request should be actioned promptly - higher priority than routine.,,
FALSE,,,,,,nphies profiles committee,,,,asap,ASAP,The request should be actioned as soon as possible - higher priority than urgent.,,
FALSE,,,,,,nphies profiles committee,,,,stat,STAT,The request should be actioned immediately - highest possible priority. E.g. an emergency,,
FALSE,http://terminology.hl7.org/CodeSystem/v3-ParticipationMode,,ParticipationMode,ParticipationMode,Identifies the primary means by which an Entity participates in an Act.,Health Level 7,v3-ParticipationMode,HL7 International.,codesystem-v3-ParticipationMode.json,ELECTRONIC,electronic data,Participation by non-human-language based electronic signal,,
FALSE,,,,,,,,,,PHYSICAL,physical presence,Participation by direct action where subject and actor are in the same location. (The participation involves more than communication.),,
FALSE,,,,,,,,,,REMOTE,remote presence,"Participation by direct action where subject and actor are in separate locations, and the actions of the actor are transmitted by electronic or mechanical means. (The participation involves more than communication.)",,
FALSE,,,,,,,,,,VERBAL,verbal,Participation by voice communication,,
FALSE,,,,,,,,,,DICTATE,dictated,Participation by pre-recorded voice. Communication is limited to one direction (from the recorder to recipient).,,
FALSE,,,,,,,,,,FACE,face-to-face,Participation by voice communication where parties speak to each other directly.,,
FALSE,,,,,,,,,,PHONE,telephone,Participation by voice communication where the voices of the communicating parties are transported over an electronic medium,,
FALSE,,,,,,,,,,VIDEOCONF,videoconferencing,Participation by voice and visual communication where the voices and images of the communicating parties are transported over an electronic medium,,
FALSE,,,,,,,,,,WRITTEN,written,Participation by human language recorded on a physical material,,
FALSE,,,,,,,,,,FAXWRIT,telefax,Participation by text or diagrams printed on paper that have been transmitted over a fax device,,
FALSE,,,,,,,,,,HANDWRIT,handwritten,Participation by text or diagrams printed on paper or other recording medium,,
FALSE,,,,,,,,,,MAILWRIT,mail,"Participation by text or diagrams printed on paper transmitted physically (e.g. by courier service, postal service).",,
FALSE,,,,,,,,,,ONLINEWRIT,online written,"Participation by text or diagrams submitted by computer network, e.g. online survey.",,
FALSE,,,,,,,,,,EMAILWRIT,email,Participation by text or diagrams transmitted over an electronic mail system.,,
FALSE,,,,,,,,,,TYPEWRIT,typewritten,"Participation by text or diagrams printed on paper or other recording medium where the recording was performed using a typewriter, typesetter, computer or similar mechanism.",,
TRUE,http://nphies.sa/terminology/CodeSystem/communication-reason,1.0.0,CommunicationReason,Communication Reason,code indicating the reason or justification for the communication.,nphies profiles committee,communication-reason,nphies,,missing-info,Missing information,Missing information that will be required for the adjudication and processing of the message,,
TRUE,,,,,,,,,,missing-attach,Missing attachment,Missing attachment  that will be required for the adjudication and processing of the message,,
TRUE,,,,,,,,,,info-correct,Information correction,Payer request to the provider to submit a corrected information based on their agreement,,
,,,,,,,,,,,,,,
FALSE,http://hl7.org/fhir/request-status,,RequestStatus,RequestStatus,Codes identifying the lifecycle stage of a request.,nphies profiles committee,request-status,HL7 International.,codesystem-request-status.json,draft,Draft,The request has been created but is not yet complete or ready for action.,,
FALSE,,,,,,nphies profiles committee,,,,active,Active,The request is in force and ready to be acted upon.,,
FALSE,,,,,,nphies profiles committee,,,,on-hold,On Hold,The request (and any implicit authorization to act) has been temporarily withdrawn but is expected to resume in the future.,,
FALSE,,,,,,nphies profiles committee,,,,revoked,Revoked,The request (and any implicit authorization to act) has been terminated prior to the known full completion of the intended actions. No further activity should occur.,,
FALSE,,,,,,nphies profiles committee,,,,completed,Completed,The activity described by the request has been fully performed. No further activity will occur.,,
FALSE,,,,,,nphies profiles committee,,,,entered-in-error,Entered in Error,"This request should never have existed and should be considered 'void'. (It is possible that real-world decisions were based on it. If real-world activity has occurred, the status should be ""revoked"" rather than ""entered-in-error"".).",,
FALSE,,,,,,nphies profiles committee,,,,unknown,Unknown,"The authoring/source system does not know which of the status values currently applies for this request. Note: This concept is not to be used for ""other"" - one of the listed statuses is presumed to apply, but the authoring/source system does not know which.",,
FALSE,http://hl7.org/fhir/remittance-outcome,,ClaimProcessingCodes,Claim Processing Codes,This value set includes Claim Processing Outcome codes.,nphies profiles committee,remittance-outcome,HL7 International.,codesystem-remittance-outcome.json,queued,Queued,The Claim/Pre-authorization/Pre-determination has been received but processing has not begun.,,
FALSE,,,,,,nphies profiles committee,,,,complete,Processing Complete,The processing has completed without errors,,
FALSE,,,,,,nphies profiles committee,,,,error,Error,One or more errors have been detected in the Claim,,
FALSE,,,,,,nphies profiles committee,,,,partial,Partial Processing,No errors have been detected in the Claim and some of the adjudication has been performed.,,
FALSE,http://terminology.hl7.org/CodeSystem/payment-type,,PaymentTypeCodes,Payment Type Codes,This code set includes  Payment Type codes.,nphies profiles committee,payment-type,HL7 International.,codesystem-payment-type.json,payment,Payment,The amount is partial or complete settlement of the amounts due.,,
FALSE,,,,,,nphies profiles committee,,,,adjustment,Adjustment,The amount is an adjustment regarding claims already paid.,,
FALSE,,,,,,nphies profiles committee,,,,advance,Advance,The amount is an advance against future claims.,,
FALSE,http://terminology.hl7.org/CodeSystem/paymentstatus,,PaymentStatusCodes,Payment Status Codes,This code set includes a  set of Payment Status codes.,nphies profiles committee,payment-status,HL7 International.,codesystem-payment-status.json,paid,Paid,The payment has been sent physically or electronically.,,
FALSE,,,,,,nphies profiles committee,,,,cleared,Cleared,The payment has been received by the payee.,,
TRUE,http://nphies.sa/terminology/CodeSystem/reissue-reason,1.0.0,ReissueReason,Reissue Reason,The code indicating the reason why adjudicator has reissued an authorization or claim response.,nphies profiles committee,reissue-reason,nphies,,correction,Error correction,Reissue has been requested due to a needed Error correction,,
TRUE,,,,,,nphies profiles committee,,,,adjudication,Additional adjudication,Reissue has been requested due to a needed Additional adjudication,,
TRUE,,,,,,nphies profiles committee,,,,miscalculation,Miscalculation correction,Reissue has been requested due to a needed Miscalculation correction,,
TRUE,,,,,,nphies profiles committee,,,,benefit,Benefit processing correction,Reissue has been requested due to a needed Benefit processing correction,,
TRUE,,,,,,nphies profiles committee,,,,audit,Audit,Reissue has been requested due to a needed Audit,,
TRUE,,,,,,,,,,cancel,Cancel,Reissue has been requested to cancel a previous issued response,,
TRUE,,,,,,nphies profiles committee,,,,other,Other,Reissue has been requested due to a needed Other,,
TRUE,http://nphies.sa/terminology/CodeSystem/adjudication-outcome,1.0.0,AdjudicationOutcome,Adjudication Outcome,"A code indicating the outcome of the adjudication such as rejected, partially approved/paid or approved/paid as submitted.",nphies profiles committee,adjudication-outcome,nphies,,approved,Approved,All items approved,,
TRUE,,,,,,,,,,rejected,Rejected,All items rejected,,
TRUE,,,,,,,,,,partial,Partially Approved,At least one item rejected,,
TRUE,,,,,,,,,,not-required,Not Required,No Authorization is required for this request,,
TRUE,,,,,,,,,,pended,Pended,The processing of the requested has been pended awaiting further information or processing,,
FALSE,http://terminology.hl7.org/CodeSystem/adjudication,4.0.1,AdjudicationValueCodes,AdjudicationValueCodes,"This value set includes a smattering of Adjudication Value codes which includes codes to indicate the amounts eligible under the plan, the amount of benefit, copays etc.",Financial Management  Work Group,adjudication,,codesystem-adjudication.json,submitted,Submitted Amount,The total submitted amount for the claim or group or line item.,,
FALSE,,,,,,,,,,coPay,Patient Co-Payment,Patient Co-Payment,,
FALSE,,,,,,,,,,eligible,Eligible Amount,Amount of the change which is considered for adjudication,,
FALSE,,,,,,,,,,deductible,Deductible,Amount deducted from the eligible amount prior to adjudication,,
FALSE,,,,,,,,,,unallocDeduct,Unallocated Deductible,The amount of deductible which could not allocated to other line items,,
FALSE,,,,,,,,,,eligpercent,Eligible %,Eligible Percentage,,
FALSE,,,,,,,,,,tax,Tax,The amount of tax,,
,,,,,,,,,,benefit,Benefit Amount,Amount payable under the coverage,,
,http://nphies.sa/terminology/CodeSystem/ksa-adjudication,1.0.0,KSAAdjudictionCodes,KSAAdjudicationCodes,KSA adjudication codes used in addition to the HL7 code system codes,nphies profiles committee,ksa-adjudication,nphies,,rejected,Rejected,Amount rejected by the payer,,
,,,,,,,,,,patientShare,Patient share,Amount to be paid by the patient ,,
TRUE,,,,,,,,,,discount,Discount,Amount discounted,,
,,,,,,,,,,approved-duration,Approved Duration,The treatment duration approved in days,,
,,,,,,,,,,approved-refill,Approved Refill,The number of refill approved for this item,,
TRUE,,,,,,,,,,approved-quantity,Approved Quantity,The quantity approved by the payer,,
TRUE,http://nphies.sa/terminology/CodeSystem/adjudication-reason,1.0.0,AdjudicationReason,Adjudication Reason,A code supporting the understanding of the adjudication result and explaining variance from expected amount codes,nphies profiles committee,adjudication-reason,nphies,,---,---,List of the denial codes is available in the Appendix: denial-code,Sheet: denial-code,
FALSE,http://nphies.sa/terminology/CodeSystem/claim-payment-type,1.0.0,ClaimPaymentType,Claim Payment Type,Payment Type code to convey the nature of the payment,nphies profiles committee,claim-payment-type,nphies,,completed,Complete,Complete (final) payment of the benefit under the Claim less any adjustments.,,
FALSE,,,,,,nphies profiles committee,,,,partial,Partial,Partial payment of the benefit under the Claim less any adjustments.,,
FALSE,http://terminology.hl7.org/CodeSystem/payment-adjustment-reason,,PaymentAdjustmentReasonCodes,Payment Adjustment Reason Codes,This code set includes smattering of Payment Adjustment Reason codes.,nphies profiles committee,payment-adjustment-reason,HL7 International.,codesystem-payment-adjustment-reason.json,a001,Prior Payment Reversal,Prior Payment Reversal,,
FALSE,,,,,,nphies profiles committee,,,,a002,Prior Overpayment,Prior Overpayment,,
FALSE,urn:iso:std:iso:4217,,Currencies,CurrencyCode,Currency codes from ISO 4217 (see https://www.iso.org/iso-4217-currency-codes.html),nphies profiles committee,currencies,,codesystem-currencies-iso-4217.json,---,---,List of Currencies codes is available in a separate excel workbook Appendix: currencies,External: currencies,
FALSE,http://hl7.org/fhir/note-type,,NoteType,NoteType,The presentation types of notes.,nphies profiles committee,NoteType,HL7 International.,codesystem-note-type.json,display,Display,Display the note.,,
FALSE,,,,,,nphies profiles committee,,,,print,Print (Form),Print the note on the form.,,
FALSE,,,,,,nphies profiles committee,,,,printoper,Print (Operator),Print the note for the operator,,
TRUE,http://nphies.sa/terminology/CodeSystem/adjudication-error,1.0.0,AdjudicationError,Adjudication Error,Errors encountered during the processing of the adjudication,nphies profiles committee,adjudication-error,nphies,,---,---,List of schema validation error codes is available in Appendix: adjudication-error,Sheet: adjudication-error,
FALSE,http://hl7.org/fhir/encounter-status,,EncounterStatus,EncounterStatus,Current state of the encounter.,nphies profiles committee,encounter-status,HL7 International.,codesystem-encounter-status.json,planned,Planned,The Encounter has not yet started.,,
FALSE,,,,,,nphies profiles committee,,,,arrived,Arrived,"The Patient is present for the encounter, however is not currently meeting with a practitioner.",,
FALSE,,,,,,nphies profiles committee,,,,triaged,Triaged,The patient has been assessed for the priority of their treatment based on the severity of their condition.,,
FALSE,,,,,,nphies profiles committee,,,,in-progress,In Progress,The Encounter has begun and the patient is present / the practitioner and the patient are meeting.,,
FALSE,,,,,,nphies profiles committee,,,,onleave,On Leave,"The Encounter has begun, but the patient is temporarily on leave.",,
FALSE,,,,,,nphies profiles committee,,,,finished,Finished,The Encounter has ended.,,
FALSE,,,,,,nphies profiles committee,,,,cancelled,Cancelled,The Encounter has ended before it has begun.,,
FALSE,,,,,,nphies profiles committee,,,,entered-in-error,Entered in Error,This instance should not have been part of this patient's medical record.,,
FALSE,,,,,,nphies profiles committee,,,,unknown,Unknown,"The encounter status is unknown. Note that ""unknown"" is a value of last resort and every attempt should be made to provide a meaningful value other than ""unknown"".",,
TRUE,http://nphies.sa/terminology/CodeSystem/service-type,1.0.0,ServiceType,Service Type,This code set defines a set of codes for clinical service-types.,nphies profiles committee,service-type,nphies,,acute-care,Acute Care ,Acute Care ,,
TRUE,,,,,,nphies profiles committee,,,,sub-acute-care,Sub-Acute Care ,Sub-Acute Care ,,
TRUE,,,,,,nphies profiles committee,,,,rehabilitation,Rehabilitation ,Rehabilitation ,,
,,,,,,,,,,mental-behavioral,Mental & Behavioral ,Mental & Behavioral ,,
,,,,,,,,,,geriatric-care,Geriatric Care ,Geriatric Care ,,
,,,,,,,,,,newborn,Newborn,Newborn,,
,,,,,,,,,,family-planning,Family Planning,Family Planning,,
,,,,,,,,,,dental-care,Dental Care,Dental Care,,
,,,,,,,,,,palliative-care,Palliative Care ,Palliative Care ,,
TRUE,,,,,,nphies profiles committee,,,,others,Others,Others,,
TRUE,,,,,,nphies profiles committee,,,,unknown,Unknown ,Unknown ,,
FALSE,http://terminology.hl7.org/CodeSystem/v3-ActPriority,,v3.ActPriority,v3 Code System ActPriority,v3 Code System ActPriority,,v3-ActPriority,,codesystem-v3-ActPriority.json,A,ASAP,"As soon as possible, next highest priority after stat.",,
FALSE,,,,,,,,,,CR,callback results,"Filler should contact the placer as soon as results are available, even for preliminary results. (Was ""C"" in HL7 version 2.3's reporting priority.)",,
FALSE,,,,,,,,,,CS,callback for scheduling,"Filler should contact the placer (or target) to schedule the service. (Was ""C"" in HL7 version 2.3's TQ-priority component.)",,
FALSE,,,,,,,,,,CSP,callback placer for scheduling,"Filler should contact the placer to schedule the service. (Was ""C"" in HL7 version 2.3's TQ-priority component.)",,
FALSE,,,,,,,,,,CSR,contact recipient for scheduling,"Filler should contact the service recipient (target) to schedule the service. (Was ""C"" in HL7 version 2.3's TQ-priority component.)",,
FALSE,,,,,,,,,,EL,elective,Beneficial to the patient but not essential for survival.,,
FALSE,,,,,,,,,,EM,emergency,An unforeseen combination of circumstances or the resulting state that calls for immediate action.,,
FALSE,,,,,,,,,,P,preop,"Used to indicate that a service is to be performed prior to a scheduled surgery. When ordering a service and using the pre-op priority, a check is done to see the amount of time that must be allowed for performance of the service. When the order is placed, a message can be generated indicating the time needed for the service so that it is not ordered in conflict with a scheduled operation.",,
FALSE,,,,,,,,,,PRN,as needed,"An ""as needed"" order should be accompanied by a description of what constitutes a need. This description is represented by an observation service predicate as a precondition.",,
FALSE,,,,,,,,,,R,routine,"Routine service, do at usual work hours.",,
FALSE,,,,,,,,,,RR,rush reporting,A report should be prepared and sent as quickly as possible.,,
FALSE,,,,,,,,,,S,stat,"With highest priority (e.g., emergency).",,
FALSE,,,,,,,,,,T,timing critical,"It is critical to come as close as possible to the requested time (e.g., for a through antimicrobial level).",,
FALSE,,,,,,,,,,UD,use as directed,Drug is to be used as directed by the prescriber.,,
FALSE,,,,,,,,,,UR,urgent,Calls for prompt action.,,
TRUE,http://nphies.sa/terminology/CodeSystem/admit-source,1.0.0,EncounterAdmitSource,EncounterAdmit Source,This code set defines a set of codes that can be used to indicate from where the patient came in.,nphies profiles committee,encounter-admit-source,nphies,,IA,Immediate Admission,Admission,,
TRUE,,,,,,nphies profiles committee,,,,EER,Admission from hospital ER,Admission from hospital ER,,
TRUE,,,,,,nphies profiles committee,,,,EOP,Emergency Admission from hospital outpatient,Admission from hospital outpatient,,
TRUE,,,,,,nphies profiles committee,,,,EGPHC,Emergency Admission by referral from government primary healthcare center,Admission by referral from government primary healthcare center,,
TRUE,,,,,,nphies profiles committee,,,,EGGH,Emergency Admission by referral from general government hospital,Admission by referral from general government hospital,,
TRUE,,,,,,nphies profiles committee,,,,EPPHC ,Emergency Admission by referral from private primary healthcare center,Admission by referral from private primary healthcare center,,
TRUE,,,,,,nphies profiles committee,,,,EPH,Emergency Admission by referral from private hospital,Admission by referral from private hospital,,
TRUE,,,,,,nphies profiles committee,,,,EIC,Emergency Admission by insurance company,Admission by insurance company,,
TRUE,,,,,,nphies profiles committee,,,,EWGS,Elective waiting list admission government free Scheme,waiting list admission government free Scheme,,
TRUE,,,,,,nphies profiles committee,,,,EWSS,Elective waiting list admission self-payment Scheme,waiting list admission self-payment Scheme,,
TRUE,,,,,,nphies profiles committee,,,,EWIS,Elective waiting list admission insurance coverage Scheme, waiting list admission insurance coverage Scheme,,
TRUE,,,,,,nphies profiles committee,,,,EMBA,Emergency Maternity Birth Admission, Maternity Birth Admission,,
TRUE,,,,,,nphies profiles committee,,,,PMBA,Planned Maternity Birth Admission,Maternity Birth Admission,,
TRUE,,,,,,,,,,RECR,Red crescent  ,Red crescent  ,,
TRUE,,,,,,,,,,WKIN,Walk-in ,Walk-in ,,
TRUE,,,,,,,,,,FMLYM,Family member ,Family member ,,
TRUE,,,,,,,,,,AA,Already admitted,Already admitted,,
TRUE,,,,,,,,,,PVAMB,Private ambulance,Private ambulance,,
TRUE,,,,,,,,,,AAIC,Already admitted- insurance consumed,Already admitted- insurance consumed,,
TRUE,,,,,,nphies profiles committee,,,,Others,Others,Others,,
FALSE,http://terminology.hl7.org/CodeSystem/v2-0092,,v2.0092,v2 RE-ADMISSION INDICATOR,"Value Set of codes which are used to specify that a patient is being re-admitted to a healthcare facility from which they were discharged, and indicates the circumstances around such re-admission.",nphies profiles committee,v2-0092,HL7 International.,codesystem-v2-0092.json,"R		",en: Re-admission,en: Re-admission,,
TRUE,http://nphies.sa/terminology/CodeSystem/discharge-disposition,,DischargeDisposition,Discharge disposition,This value set defines a set of codes that can be used to where the patient left the hospital.,nphies profiles committee,discharge-disposition,nphies,codesystem-discharge-disposition.json,acute-hospital,Discharge/transfer to an Acute Hospital,patient transferred to another acute hospital,,
,,,,,,nphies profiles committee,,,,SDTC,Statistical Discharge-Type Change,Statistical Discharge-Type Change,,
,,,,,,nphies profiles committee,,,,SDFL,Statistical discharge from leave,Statistical discharge from leave,,
,,,,,,,,,,home,Home/Other,Home/Other,,
,,,,,,,,,,DTRAS,Discharge /Transfer to a Residential Ageing Service,Discharge /Transfer to a Residential Ageing Service,,
,,,,,,,,,,DTPH,Discharge/Transfer to a Psychiatric Hospital,Discharge/Transfer to a Psychiatric Hospital,,
,,,,,,,,,,DTOHA,Discharge /Transfer to Other Health Care Accommodation,Discharge /Transfer to Other Health Care Accommodation,,
,,,,,,,,,,LAMA,Left Against Medical Advice,Left Against Medical Advice,,
,,,,,,,,,,died,Died,Died,,
,,,,,,nphies profiles committee,,,,in-hospital,Patient still in hospital ,Patient still in hospital and is not yet discharged,,
FALSE,http://terminology.hl7.org/CodeSystem/discharge-disposition,,DischargeDisposition,Discharge disposition,This value set defines a set of codes that can be used to where the patient left the hospital.,nphies profiles committee,encounter-discharge-disposition,HL7 International.,codesystem-encounter-discharge-disposition.json,home,Home,The patient was discharged and has indicated that they are going to return home afterwards.,,
FALSE,,,,,,nphies profiles committee,,,,alt-home,Alternative home,"The patient was discharged and has indicated that they are going to return home afterwards, but not the patient's home - e.g. a family member's home.",,
FALSE,,,,,,nphies profiles committee,,,,other-hcf,Other healthcare facility,The patient was transferred to another healthcare facility.,,
FALSE,,,,,,nphies profiles committee,,,,hosp,Hospice,The patient has been discharged into palliative care.,,
FALSE,,,,,,nphies profiles committee,,,,long,Long-term care,The patient has been discharged into aging long-term care where is likely to be monitored through an ongoing episode-of-care.,,
FALSE,,,,,,nphies profiles committee,,,,aadvice,Left against advice,The patient self discharged against medical advice.,,
FALSE,,,,,,nphies profiles committee,,,,exp,Expired,The patient has deceased during this encounter.,,
FALSE,,,,,,nphies profiles committee,,,,psy,Psychiatric hospital,The patient has been transferred to a psychiatric facility.,,
FALSE,,,,,,nphies profiles committee,,,,rehab,Rehabilitation,The patient was discharged and is to receive post acute care rehabilitation services.,,
FALSE,,,,,,nphies profiles committee,,,,snf,Skilled nursing facility,The patient has been discharged to a skilled nursing facility for the patient to receive additional care.,,
FALSE,,,,,,nphies profiles committee,,,,oth,Other,The discharge disposition has not otherwise defined.,,
FALSE,http://hl7.org/fhir/eligibilityrequest-purpose,,EligibilityRequestPurpose,EligibilityRequestPurpose,A code specifying the types of information being requested.,nphies profiles committee,EligibilityRequest.purpose,HL7 International.,codesystem-eligibilityrequest-purpose.json,auth-requirements,Coverage auth-requirements,"The prior authorization requirements for the listed, or discovered if specified, converages for the categories of service and/or specified billing codes are requested.",,
FALSE,,,,,,nphies profiles committee,,,,benefits,Coverage benefits,"The plan benefits and optionally benefits consumed for the listed, or discovered if specified, converages are requested.",,
FALSE,,,,,,nphies profiles committee,,,,discovery,Coverage Discovery,The insurer is requested to report on any coverages which they are aware of in addition to any specified.,,
FALSE,,,,,,nphies profiles committee,,,,validation,Coverage Validation,A check that the specified coverages are in-force is requested.,,
TRUE,http://nphies.sa/terminology/CodeSystem/benefit-category,1.0.0,BenefitCategory,Benefit Category,A code to identify the general type of benefits under which products and services are provided.,nphies profiles committee,benefit-category,nphies,,---,---,List of benefit category codes is available in Appendix: benefit-category,Sheet: benefit-category,
TRUE,http://nphies.sa/terminology/CodeSystem/benefit-type,1.0.0,BenefitType,Benefit Type,"Identifies the type of benefits such as: deductible, copay, visit.",nphies profiles committee,benefit-type,nphies,,---,---,List of benefit types is available in the Appendix: benefit-type,Sheet: benefit-type,
TRUE,http://nphies.sa/terminology/CodeSystem/organization-type,1.0.0,OrganizationType,Organization Type,This code set defines a set of codes that can be used to indicate a type of organization.,nphies profiles committee,organization-type,nphies,,prov,Healthcare Provider,An organization that provides healthcare services.,,
TRUE,,,,,,nphies profiles committee,,,,dept,Hospital Department,A department or ward within a hospital (Generally is not applicable to top level organizations),,
TRUE,,,,,,nphies profiles committee,,,,ins,Insurance Company,A company that provides insurance to its subscribers that may include healthcare related policies.,,
TRUE,,,,,,nphies profiles committee,,,,pay,Payer,"A company, charity, or governmental organization, which processes claims and/or issues payments to providers on behalf of patients or groups of patients.",,
TRUE,,,,,,nphies profiles committee,,,,other,Other,Other type of organization not already specified.,,
TRUE,http://nphies.sa/terminology/CodeSystem/patient-identifier-type,,PatientIdentifierType,Patient Identifier Type,A code to indicate the type of patient identifier,nphies profiles committee,patient-identifier-type,nphies,,BN,Border Number,Border Number,,
TRUE,,,,,,nphies profiles committee,,,,DP,Displaced person,Displaced person,,
TRUE,http://terminology.hl7.org/CodeSystem/v2-0203,,IdentifierType,identifierType,"HL7-defined code system of concepts specifying type of identifier. Used in HL7 Version 2.x messaging data types CX, PLN, PPN, XCN and XON","	Infrastructure And Messaging",v2-0203,HL7 International.,CodeSystem-v2-0203.json,"This Code System is utilized to state identifier type for the (Patient.identifier.type and Organization.identifier.type and the practitioner.identifier.type). The link contains the codes, and descriptions of the possible values. The value restrictions for the mentioned fields can be found in the valueSet restriction column.",,,,
FALSE,http://terminology.hl7.org/CodeSystem/v3-MaritalStatus,,v3.MaritalStatus,v3 Code System MaritalStatus,Marital (civil) status of a patient as per the nphies adopted list of marital statuses,nphies profiles committee,marital-status,HL7 International.,codesystem-v3-MaritalStatus.json,L,Legally Separated,Legally Separated,,
FALSE,,,,,,nphies profiles committee,,,,D,Divorced,Marriage contract has been declared dissolved and inactive,,
FALSE,,,,,,nphies profiles committee,,,,M,Married,A current marriage contract is active,,
FALSE,,,,,,nphies profiles committee,,,,U,unmarried,Currently not in a marriage contract.,,
FALSE,,,,,,nphies profiles committee,,,,W,Widowed,The spouse has died,,
TRUE,http://nphies.sa/terminology/CodeSystem/religion,1.0.0,Religion,Religion,Codes for recognized religions,nphies profiles committee,extension-religion,nphies,,0,Other,Other,,
TRUE,,,,,,nphies profiles committee,,,,1,Muslim,Muslim,,
TRUE,,,,,,nphies profiles committee,,,,2,Christian,Christian,,
TRUE,,,,,,nphies profiles committee,,,,3,Judaism,Judaism,,
TRUE,,,,,,nphies profiles committee,,,,4,Buddhism,Buddhism,,
TRUE,,,,,,nphies profiles committee,,,,5,Zoroastrian,Zoroastrian,,
TRUE,,,,,,nphies profiles committee,,,,7,Hinduism,Hinduism,,
TRUE,,,,,,nphies profiles committee,,,,8,Sikh,Sikh,,
TRUE,,,,,,nphies profiles committee,,,,9,Without,Without,,
TRUE,,,,,,nphies profiles committee,,,,98,Not available,Not available,,
TRUE,,,,,,nphies profiles committee,,,,99,Not Mentioned,Not Mentioned,,
TRUE,urn:ietf:bcp:47,2.0.0,languages,Languages,Tags for the Identification of Languages,nphies profiles committee,languages,The Internet Engineering Task Force (IETF),codesystem-languages.json,---,---,FHIR list of codes,,
TRUE,http://nphies.sa/terminology/CodeSystem/lens-type,1.0.0,LensType,Lens Type,Type of lens to be supplied for glasses or contacts.,nphies profiles committee,lens-type,nphies,,lens,Lens,A lens to be fitted to a frame to comprise a pair of glasses.,,
TRUE,,,,,,nphies profiles committee,,,,contact,Contact, A lens to be fitted for wearing directly on an eye.,,
TRUE,http://nphies.sa/terminology/CodeSystem/task-input-type,1.0.0,TaskInputType,Task Input Type,Label for the task input,nphies profiles committee,task-input-type,nphies,,include,Include,Filter: resource types to include,,
TRUE,,,,,,,,,,exclude,Exclude,Filter: resource types to exclude,,
TRUE,,,,,,,,,,origresponse,Original Response,Reference to the original response resource,,
TRUE,,,,,,,,,,count,Count,"Maximum number of resources to return, 1 if not supplied.",,
TRUE,,,,,,,,,,period,Period,"The period, inclusive, from which to search for resources",,
TRUE,,,,,,,,,,item,Line item,The sequence number of the item on the original request to reprocess.,,
,,,,,,,,,,include-message-type ,Include Message Type ,message types to include,,
,,,,,,,,,,exclude-message-type ,Exclude Message Type,Filter: message types to exclude,,
TRUE,,,,,,,,,,reference,Reference,A reference string provided to authorize an action.,,
TRUE,http://nphies.sa/terminology/CodeSystem/task-output-type,1.0.0,TaskOutputType,Task Output Type,Codes indicating the type of data provided in a task output element.,nphies profiles committee,task-output-type,nphies,,error,Error,Error codes indicating the issues found with the request or why the request could not be fulfilled.,,
TRUE,,,,,,,,,,response,Response,A reference to the revised response resource or message.,,
TRUE,,,,,,,,,,status,Status,The processing status of the references message or resource.,,
TRUE,http://nphies.sa/terminology/CodeSystem/task-code,1.0.0,TaskCode,Task Code,Codes indicating the type of the action that is expected to be performed,nphies profiles committee,task-code,nphies,,cancel,Cancel the focal resource,Cancel the specified focal resource,,
TRUE,,,,,,,,,,nullify,Nullify the focal resource,Nullify the specified focal resource,,
TRUE,,,,,,,,,,poll,Poll the focal resource,Poll the specified focal resource,,
TRUE,,,,,,,,,,release,Release the focal resource,Release the specified focal resource,,
TRUE,,,,,,,,,,reprocess,Reprocess the focal resource,Reprocess the specified focal resource,,
TRUE,,,,,,,,,,status,Check status of the focal resource,Check the status for the specified focal resource,,
FALSE,http://terminology.hl7.org/CodeSystem/benefit-network,4.0.1,NetworkTypeCodes,Network Type Codes,This value set includes a smattering of Network type codes.,nphies profiles committee,benefit-network,HL7 International.,codesystem-benefit-network.json,in,In Network,Services rendered by a Network provider,,
FALSE,,,,,,,,,,out,Out of Network,Services rendered by a provider who is not in the Network,,
FALSE,http://terminology.hl7.org/CodeSystem/benefit-term,4.0.1,BenefitTermCodes,Benefit Term Codes,This value set includes a smattering of Benefit Term codes.,nphies profiles committee,benefit-term,HL7 International.,codesystem-benefit-term.json,annual,Annual,"Annual, renewing on the anniversary",,
FALSE,,,,,,,,,,day,Day,Per day,,
FALSE,,,,,,,,,,lifetime,Lifetime,"For the total term, lifetime, of the policy or coverage",,
FALSE,http://terminology.hl7.org/CodeSystem/benefit-unit,4.0.1,UnitTypeCodes,Unit Type Codes,This value set includes a smattering of Unit type codes.,nphies profiles committee,benefit-unit,HL7 International.,codesystem-benefit-unit.json,individual,Individual,A single individual,,
FALSE,,,,,,,,,,family,Family,"A family, typically includes self, spouse(s) and children to a defined age",,
FALSE,http://hl7.org/fhir/location-status,4.0.1,LocationStatus,LocationStatus,Indicates whether the location is still in use.,nphies profiles committee,location-status,HL7 International.,codesystem-location-status.json,active,Active,The location is operational.,,
FALSE,,,,,,,,,,suspended,Suspended,The location is temporarily closed.,,
FALSE,,,,,,,,,,inactive,Inactive,The location is no longer used.,,
TRUE,http://nphies.sa/terminology/CodeSystem/missing-tooth-reason,4.0.1,MissingToothReasonCodes,Missing Tooth Reason Codes,This code set provides codes for reasons why a tooth is missing.,Work. GroupOrders and Observations,missing-tooth-reason,Nphies,codesystem-missing-tooth-reason.json,e,Extraction,Extraction,,
TRUE,,,,,,,,,,c,Congenital,Congenital,,
TRUE,,,,,,,,,,u,Unknown,Unknown,,
TRUE,,,,,,,,,,o,Other,Other,,
FALSE,http://terminology.hl7.org/CodeSystem/subscriber-relationship,4.0.1,SubscriberRelationshipCodes,SubscriberRelationshipCodes,This value set includes codes for the relationship between the Subscriber and the Beneficiary (insured/covered party/patient).,Work. GroupOrders and Observations,subscriber-relationship.json,HL7 International.,codesystem-subscriber-relationship.json,child,Child,The Beneficiary is a child of the Subscriber,,
FALSE,,,,,,,,,,parent,Parent,The Beneficiary is a parent of the Subscriber,,
FALSE,,,,,,,,,,spouse,Spouse,The Beneficiary is a spouse or equivalent of the Subscriber,,
FALSE,,,,,,,,,,common,Common Law Spouse,The Beneficiary is a common law spouse or equivalent of the Subscriber,,
FALSE,,,,,,,,,,other,Other,The Beneficiary has some other relationship the Subscriber,,
FALSE,,,,,,,,,,self,Self,The Beneficiary is the Subscriber,,
FALSE,,,,,,,,,,injured,Injured Party,The Beneficiary is covered under insurance of the subscriber due to an injury,,
FALSE,http://hl7.org/fhir/task-intent,4.0.1,TaskIntent,TaskIntent,"Distinguishes whether the task is a proposal, plan or full order.",Work. GroupOrders and Observations,task-intent,HL7 International.,codesystem-task-intent.json,unknown,Unknown,"The intent is not known. When dealing with Task, it's not always known (or relevant) how the task was initiated - i.e. whether it was proposed, planned, ordered or just done spontaneously.",,
FALSE,http://hl7.org/fhir/task-status,4.0.1,TaskStatus,TaskStatus,The current status of the task.,Work. GroupOrders and Observations,task-status,HL7 International.,codesystem-task-status.json,draft,Draft,The task is not yet ready to be acted upon.,,
FALSE,,,,,,,,,,requested,Requested,The task is ready to be acted upon and action is sought.,,
FALSE,,,,,,,,,,received,Received,A potential performer has claimed ownership of the task and is evaluating whether to perform it.,,
FALSE,,,,,,,,,,accepted,Accepted,The potential performer has agreed to execute the task but has not yet started work.,,
FALSE,,,,,,,,,,rejected,Rejected,The potential performer who claimed ownership of the task has decided not to execute it prior to performing any action.,,
FALSE,,,,,,,,,,ready,Ready,"The task is ready to be performed, but no action has yet been taken. Used in place of requested/received/accepted/rejected when request assignment and acceptance is a given.",,
FALSE,,,,,,,,,,cancelled,Cancelled,The task was not completed.,,
FALSE,,,,,,,,,,in-progress,In Progress,The task has been started but is not yet complete.,,
FALSE,,,,,,,,,,on-hold,On Hold,The task has been started but work has been paused.,,
FALSE,,,,,,,,,,failed,Failed,The task was attempted but could not be completed due to some error.,,
FALSE,,,,,,,,,,completed,Completed,The task has been completed.,,
FALSE,,,,,,,,,,entered-in-error,Entered in Error,The task should never have existed and is retained only because of the possibility it may have used.,,
FALSE,http://hl7.org/fhir/vision-base-codes,4.0.1,VisionBase,VisionBase,A coded concept listing the base codes.,Work. GroupOrders and Observations,vision-base-codes,HL7 International.,codesystem-vision-base-codes.json,up,Up,top.,,
FALSE,,,,,,,,,,down,Down,bottom.,,
FALSE,,,,,,,,,,in,In,inner edge.,,
FALSE,,,,,,,,,,out,Out,outer edge,,
FALSE,http://hl7.org/fhir/vision-eye-codes,4.0.1,VisionEyes,VisionEyes,A coded concept listing the eye codes.,Work. GroupOrders and Observations,vision-eye-code,HL7 International,codesystem-vision-eye-codes.json,right,Right Eye,Right Eye.,,
FALSE,,,,,,,,,,left,Left Eye,Left Eye,,
FALSE,http://hl7.org/fhir/response-code,4.0.1,ResponseType,ResponseType,The kind of response to a message,Infrastructure And Messaging  Work Group,response-code,HL7 International.,codesystem-response-code.json,ok,OK,The message was accepted and processed without error.,,
FALSE,,,,,,,,,,transient-error,Transient Error,"Some internal unexpected error occurred - wait and try again. Note - this is usually used for things like database unavailable, which may be expected to resolve, though human intervention may be required.",,
FALSE,,,,,,,,,,fatal-error,Fatal Error,The message was rejected because of a problem with the content. There is no point in re-sending without change. The response narrative SHALL describe the issue.,,
TRUE,http://nphies.sa/terminology/CodeSystem/ksa-message-events,1.0.0,KSAMessageEvents,KSAMessage Event,The Saudi codeset for FHIR message events.,nphies profiles committee,ksa-message-events,nphies,,eligibility-request,Eligibility Request,"A message requesting the identified patients insurance, determination if the insurance is in force, and potentially requesting the table of benefits or other insurance details.",,
TRUE,,,,,,,,,,eligibility-response,Eligibility Response,A message responding to the Eligibility Request with errors or insurance details.,,
TRUE,,,,,,,,,,priorauth-request,Prior Authorization Request,A request for prior authorization of products and services.,,
TRUE,,,,,,,,,,priorauth-response,Prior Authorization Response,A response to a request for prior authorization of products and services.,,
TRUE,,,,,,,,,,claim-request,Claim Request,A request for adjudication of a claim for products and services.,,
TRUE,,,,,,,,,,claim-response,Claim Response,A response to a request for adjudication of a claim for products and services.,,
TRUE,,,,,,,,,,batch-request,Batch-Request,A request for adjudication of a batch of claims for products and services.,,
,,,,,,,,,,batch-response,Batch Response,A response for adjudication of a batch of claims for products and services.,,
TRUE,,,,,,,,,,status-check,Status Check,A request to check on the processing status of a prior submission.,,
TRUE,,,,,,,,,,status-response,Status Response,A response to a request to check on the processing status of a prior submission.,,
TRUE,,,,,,,,,,cancel-request,Cancel Request,"A request to cancel the processing, where complete or not,  of a prior submission such as a claim.",,
TRUE,,,,,,,,,,cancel-response,Cancel Response,"A response to request to cancel the processing, where complete or not,  of a prior submission such as a claim.",,
TRUE,,,,,,,,,,payment-notice,Payment Notice,A notice providing the current status of a payment.,,
TRUE,,,,,,,,,,payment-reconciliation,Payment Reconciliation,A report of a payment and the allocation of the payment to the respective claims being settled.,,
TRUE,,,,,,,,,,communication-request,Communication Request,A request for supporting information for a previously submitted request.,,
TRUE,,,,,,,,,,communication,Communication,A provision of supporting information in response to a request or to support a prior submission.,,
TRUE,,,,,,,,,,acknowledgement,Acknowledgement,"Message with just a MessageHeader, and optional referenced OperationOutcome if there are errors, to acknowledge the receipt of a request.",,
TRUE,,,,,,,,,,poll-request,Poll Request,A request for the next 'n' undelivered messages from the queue of undelivered messages for the requestor.,,
TRUE,,,,,,,,,,poll-response,Poll Response,A message responding to a poll-request containing up to 'n' requested undelivered messages.,,
TRUE,,,,,,,,,,advanced-authorization,Advanced Authorization,A response without existing  request for prior authorization of products and services.,,
TRUE,,,,,,,,,,prescriber-response,Prescriber Response,A response for advisory request received from provider during medication prescription,,
TRUE,,,,,,,,,,prescriber-request,Prescriber Request,A request for advisory response from payer during medication prescription,,
TRUE,,,,,,,,,,error-notice,Error Notice,A notice providing the error detected in the received message.,,
FALSE,http://unitsofmeasure.org,2.1,UCUMCodes,UCUMCodes,Unified Code for Units of Measure (UCUM). This value set includes all UCUM codes,FHIR Infrastructure  Work Group,ucum-units,ucum,codesystem-units-of-measure.json,---,---,List of unit codes is available in a separate excel workbook Appendix: ucum,External: ucum,
TRUE,http://nphies.sa/terminology/CodeSystem/visit-reason,1.0.0,VisitReason,Visit Reason,The reason for the visit to the healthcare provider.,nphies profiles committee,visit-reason,nphies,,new-visit,New Visit,A new visit,,
TRUE,,,,,,,,,,follow-up,Follow Up,A follow up visit,,
TRUE,,,,,,,,,,refill,Refill,A refill,,
TRUE,,,,,,,,,,walk-in,Walk in,A walk in visit,,
TRUE,,,,,,,,,,referral,Referral,A referral visit,,
FALSE,http://hl7.org/fhir/eligibilityresponse-purpose,4.0.1,EligibilityResponsePurpose,EligibilityResponsePurpose,A code specifying the types of information being requested.,Financial Management  Work Group,eligibilityresponse-purpose,HL7 International.,codesystem-eligibilityresponse-purpose.json,auth-requirements,Coverage auth-requirements,"The prior authorization requirements for the listed, or discovered if specified, converages for the categories of service and/or specified billing codes are requested.",,
FALSE,,,,,,,,,,benefits,Coverage benefits,"The plan benefits and optionally benefits consumed for the listed, or discovered if specified, converages are requested.",,
FALSE,,,,,,,,,,discovery,Coverage Discovery,The insurer is requested to report on any coverages which they are aware of in addition to any specified.,,
FALSE,,,,,,,,,,validation,Coverage Validation,A check that the specified coverages are in-force is requested.,,
FALSE,http://terminology.hl7.org/CodeSystem/v3-NullFlavor,2.0.0,NullFlavor,NullFlavor,A collection of codes specifying why a valid value is not present.,Health Level 7,v3-NullFlavor,Health Level 7,codesystem-v3-NullFlavor.json,UNK,unknown,"**Description:**A proper value is applicable, but not known. **Usage Notes**: This means the actual value is not known. If the only thing that is unknown is how to properly express the value in the necessary constraints (value set, datatype, etc.), then the OTH or UNC flavor should be used. No properties should be included for a datatype with this property unless: 1. Those properties themselves directly translate to a semantic of ""unknown"". (E.g. a local code sent as a translation that conveys 'unknown') 2. Those properties further qualify the nature of what is unknown. (E.g. specifying a use code of ""H"" and a URL prefix of ""tel:"" to convey that it is the home phone number that is unknown.)",,
FALSE,http://hl7.org/fhir/request-intent,4.0.1,RequestIntent,RequestIntent,Codes indicating the degree of authority/intentionality associated with a request.,Clinical Decision Support  Work Group,request-intent,,codesystem-request-intent.json,plan,Plan,The request represents an intention to ensure something occurs without providing an authorization for others to act.,,
FALSE,,,,,,,,,,directive,Directive,The request represents a legally binding instruction authored by a Patient or RelatedPerson.,,
FALSE,,,,,,,,,,order,Order,The request represents a request/demand and authorization for action by a Practitioner.,,
FALSE,,,,,,,,,,original-order,Original Order,The request represents an original authorization for action.,,
FALSE,,,,,,,,,,reflex-order,Reflex Order,The request represents an automatically generated supplemental authorization for action based on a parent authorization together with initial results of the action taken against that parent authorization.,,
FALSE,,,,,,,,,,filler-order,Filler Order,The request represents the view of an authorization instantiated by a fulfilling system representing the details of the fulfiller's intention to act upon a submitted order.,,
FALSE,,,,,,,,,,instance-order,Instance Order,An order created in fulfillment of a broader order that represents the authorization for a single activity occurrence. E.g. The administration of a single dose of a drug.,,
FALSE,,,,,,,,,,option,Option,"The request represents a component or option for a RequestGroup that establishes timing, conditionality and/or other constraints among a set of requests. Refer to [[[RequestGroup]]] for additional information on how this status is used.",,
FALSE,http://loinc.org,2.68,LOINC,LOINC,LOINC codes used to identifying medical laboratory observations.,LOINC,loinc,LOINC,,---,---,List of LOINC codes is available in a separate excel workbook Appendix: LOINC,External: LOINC,
FALSE,http://hl7.org/fhir/contact-point-use,4.0.1,ContactPointUse,ContactPointUse,Use of contact point,FHIR Infrastructure  Work Group,contact-point-use,Health Level 7,codesystem-contact-point-use.json,home,Home,"A communication contact point at a home; attempted contacts for business purposes might intrude privacy and chances are one will contact family or other household members instead of the person one wishes to call. Typically used with urgent cases, or if no other contacts are available.",,
FALSE,,,,,,,,,,work,Work,An office contact point. First choice for business related contacts during business hours.,,
FALSE,,,,,,,,,,temp,Temp,A temporary contact point. The period can provide more detailed information.,,
FALSE,,,,,,,,,,old,Old,"This contact point is no longer in use (or was never correct, but retained for records).",,
FALSE,,,,,,,,,,mobile,Mobile,"A telecommunication device that moves and stays with its owner. May have characteristics of all other use codes, suitable for urgent matters, not the first choice for routine business.",,
FALSE,http://hl7.org/fhir/contact-point-system,4.0.1,ContactPointSystem,ContactPointSystem,Telecommunications form for contact point.,FHIR Infrastructure  Work Group,contact-point-system,Health Level 7,codesystem-contact-point-system.json,phone,Phone,The value is a telephone number used for voice calls. Use of full international numbers starting with + is recommended to enable automatic dialing support but not required.,,
FALSE,,,,,,,,,,fax,Fax,The value is a fax machine. Use of full international numbers starting with + is recommended to enable automatic dialing support but not required.,,
FALSE,,,,,,,,,,email,Email,The value is an email address.,,
FALSE,,,,,,,,,,pager,Pager,The value is a pager number. These may be local pager numbers that are only usable on a particular pager system.,,
FALSE,,,,,,,,,,url,URL,"A contact that is not a phone, fax, pager or email address and is expressed as a URL. This is intended for various institutional or personal contacts including web sites, blogs, Skype, Twitter, Facebook, etc. Do not use for email addresses.",,
FALSE,,,,,,,,,,sms,SMS,"A contact that can be used for sending an sms message (e.g. mobile phones, some landlines).",,
FALSE,,,,,,,,,,other,Other,"A contact that is not a phone, fax, page or email address and is not expressible as a URL. E.g. Internal mail address. This SHOULD NOT be used for contacts that are expressible as a URL (e.g. Skype, Twitter, Facebook, etc.) Extensions may be used to distinguish ""other"" contact types.",,
FALSE,http://terminology.hl7.org/CodeSystem/v3-RoleCode,2.0.0,RoleCode,RoleCode,A set of codes further specifying the kind of Role; specific classification codes for further qualifying RoleClass codes.,Health Level 7,v3-RoleCode,Health Level 7,CodeSystem-v3-RoleCode.json,---,---,List is extracted from FHIR site/url,,
TRUE,http://nphies.sa/terminology/CodeSystem/task-reason-code,1.0.0,TaskReasonCode,TaskReasonCode,A set  of codes used to specify the reason for the task,nphies profiles committee,task-reason-code,nphies,,WI,Wrong information,Wrong information have been submitted in the related transaction,,
TRUE,,,,,,,,,,NP,Service not performed,Service in the related transaction was not performed,,
TRUE,,,,,,,,,,TAS,Transaction already submitted,related transaction already submitted,,
,,,,,,,,,,,,,,
FALSE,http://hl7.org/fhir/resource-types,4.0.1,ResourceType,ResourceType,One of the resource types defined as part of this version of FHIR.,FHIR Infrastructure  Work Group,resource-types,Health Level 7,codesystem-resource-types.json,---,---,List is extracted from FHIR site/url,,
FALSE,urn:ietf:bcp:13,4.0.1,Mime Types,MimeType,This code system includes all possible codes from BCP-13 (http://tools.ietf.org/html/bcp13),FHIR Infrastructure  Work Group,mimetypes,The Internet Society (2005).,mimetypes.json,---,---,---,List as per the international mimetypes,
FALSE,http://nphies.sa/terminology/CodeSystem/meta-tags,4.0.1,MetaTags,MetaTags,This code system includes all possible codes for the meta tags,nphies profiles committee,meta-tags,nphies,meta-tags.json,queued-messages,queued-messages,Means that the message has not yet been delivered ,,
,,,,,,,,,,large-claim,Large claim,Means that the message has been identified by nphies as Large claim,,
,,,,,,,,,,nphies-generated,nphies-generated,nphies-generated,,
FALSE,http://hl7.org/fhir/issue-severity,4.0.1,IssueSeverity,IssueSeverity,How the issue affects the success of the action.,FHIR Infrastructure  Work Group,issue-severity,Health Level 7,issue-severity.json,fatal,Fatal,The issue caused the action to fail and no further checking could be performed.,,
,,,,,,,,,,error,Error,The issue is sufficiently important to cause the action to fail.,,
,,,,,,,,,,warning,Warning,The issue is not important enough to cause the action to fail but may cause it to be performed sub optimally or in a way that is not as desired.,,
,,,,,,,,,,information,Information,The issue has no relation to the degree of success of the action.,,
FALSE,http://hl7.org/fhir/issue-type,4.0.1,IssueType,IssueType,A code that describes the type of issue.,FHIR Infrastructure  Work Group,issue-type,Health Level 7,issue-type.json,---,---,---,,
TRUE,urn:iso:std:iso:3166,4.0.1,Iso3166,Iso3166,This code system defines the ISO 3166 Part 1 3-letter country codes,FHIR Infrastructure  Work Group,iso3166,ISO,iso3166.json,---,---,List is extracted from FHIR site/url,,
TRUE,http://nphies.sa/terminology/CodeSystem/task-status-reason,1.0.0,TaskStatusReason,Task Status Reason,This code set includes all possible codes for the  Task status reason(cancelation rejection reason),nphies profiles committee,task-status-reason,Nphies,task-status-reason.json,rejected,rejected transaction,The targeted transaction belongs to a fully rejected transaction,,
,,,,,,,,,,in-process,under process,The targeted transaction is in process,,
,,,,,,,,,,claimed,claimed transaction,A claim has been processed for the targeted pre-auth ,,
TRUE,http://nphies.sa/terminology/CodeSystem/claim-response-outcome,1.0.0,ClaimResponseOutcome,Claim response outcome,Claim Processing Outcome codes,nphies profiles committee,claim-response-outcome,nphies,claim-response-outcome.json,cancelled,cancelled,The Claim/Pre-authorization has been cancelled,,
TRUE,http://nphies.sa/terminology/CodeSystem/siteEligibility,1.0.0,siteEligibility,siteEligibility,Code to indicate whether the patient is eligible or not eligible and why,nphies profiles committee,site-eligibility,nphies,site-eligibility.json,eligible,Eligible,Code to be used when the patient is eligible ,,
,,,,,,,,,,not-active,Member's insurance policy is not active,When HCP sends an eligibility request for an expired or canceled member’s policy on the eligibility service date.,,
,,,,,,,,,,not-covered ,Policy does not cover the requested services,When HCP sends an eligibility request mentioning a department that offers services out of patient policy coverage.,,
,,,,,,,,,,not-direct billing,Patient is not covered on direct billing basis,"When HCP sends an eligibility request for insured member who is covered on patient reimbursement basis, so even the member has an active policy, but he will pay the medical fees out of his pocket and reimburse the claims. (e.g.: members covered under visit visa insurance policy)",,
,,,,,,,,,,out-network,Provider outside member Network,Facility is outside the member covered policy network.,,
,,,,,,,,,,limit-exhausted,Patient policy/benefit limit is exhausted,"When member consumed the annual or benefit limit, benefit limit can be indicated from the department in the eligibility request or from the provider type, e.g. request from received from optical shop for a member consumed the optical benefit.",,
,,,,,,,,,,coverage-suspended,Patient coverage is suspended ,"Insurance coverage can be suspended for any reason (regulation, financial, legal, etc.)",,
,,,,,,,,,,provider-contract-suspended,Provider contract is suspended,"Provider can be suspended for any reason (regulation, contractual, legal… etc.)",,
TRUE,http://nphies.sa/terminology/CodeSystem/payment-method,1.0.0,payment-method,payment-method,Code to indicate the payment method used for claim settlement,nphies profiles committee,payment-method,nphies,,eft,EFT,Electronic Fund Transfer,,
,,,,,,,,,,check,Check,Instrument drawn against deposited funds to pay the recipient a specific amount of fund on demand,,
TRUE,http://nphies.sa/terminology/CodeSystem/scientific-codes,1.0.0,PrescribedMedication,Prescribed Medication,This code set includes codes for prescribed medications,nphies profiles committee,prescribed-medication,,, - - - , - - -,"""Description Code"" from SFDA newly updated drug list",,
TRUE,http://nphies.sa/terminology/CodeSystem/advancedAuth-reason,1.0.0,advanceAuth-reason,advanceAuth-reason,Code to indicate the reason for sending an advanced-preAuthorization,nphies profiles committee,advanceAuth-reason,nphies,advanceAuth-reason.json,refill,Refill,When a payer send an advance authorization for medication refill,,
,,,,,,,,,,second-opinion ,Second opinion ,When a payer send an advance authorization for medical second opinion,,
,,,,,,,,,,referral,Referral,When a payer send an advance authorization for patient referral,,
,,,,,,,,,,authorization,Authorization,When a payer send an advance authorization for service to be rendered,,
,,,,,,,,,,non-network,Non network,When a payer send an advance authorization for a non network provider,,
,,,,,,,,,,medication-dispense,Medication dispense,When a payer send an advance authorization for medication dispense,,
,,,,,,,,,,home-healthcare,Home healthcare,When a payer send an advance authorization for home healthcare,,
TRUE,http://nphies.sa/terminology/CodeSystem/scientific-codes,1.0.0,PrescribedMedication,Prescribed Medication,This code set includes codes for prescribed medications,nphies profiles committee,prescribed-medication,nphies,prescribed-medication.json, - - - , - - -,,,
TRUE,http://nphies.sa/terminology/CodeSystem/scientific-code-absence-reason,1.0.0,ScientificCodeAbsenceReason,Scientific Code Absence Reason,This code set includes reason for not requesting the scientific drug name,nphies profiles committee,scientific-code-absence-reason,nphies,scientific-code-absence-reason.json,Unresponsive,Unresponsive on certain trades,Unresponsive on certain trades,,
,,,,,,,,,,adverse-effect,Adverse effect,Existence of adverse effect,,
,,,,,,,,,,irreplaceable,SFDA Irreplaceable drugs,in case of SFDA Irreplaceable drugs,,
,,,,,,,,,,allergy,Allergy,Existence of allergy,,
,,,,,,,,,,others,Others,Others: other unlisted reason.,,
FALSE,http://terminology.hl7.org/CodeSystem/v3-GTSAbbreviation,4.0.1,v3-GTSAbbreviation,v3-GTSAbbreviation,Codes to define timing pattern for medicine consumption,FHIR Infrastructure  Work Group,v3-GTSAbbreviation,nphies,v3-GTSAbbreviation.json,-------,-------,-------,-------,
TRUE,http://nphies.sa/terminology/CodeSystem/route-of-admin,1.0.0,RouteOfAdmin,route-of-admin,This code set provides route to administer medicine,nphies profiles committee,route-of-admin,nphies,route-of-admin.json,-------,-------,-------,Sheet: route-of-admin,
TRUE,http://nphies.sa/terminology/CodeSystem/pharmacist-selection-reason,1.0.0,PharmacistSelectionReason,Pharmacist Selection Reason,This Code set includes reason for selecting specific drug by the pharmacist,nphies profiles committee,pharmacist-selection-reason,nphies,pharmacist-selection-reason.json,Generic,Generic,Generic drug,,
,,,,,,,,,,patient-request,patient request,dispensed as per patient's request,,
,,,,,,,,,,innovative-noGeneric,innovative noGeneric,innovative drug with noGeneric,,
,,,,,,,,,,physician-approval,physician-request with payer approval,dispensed as per physician-request with payer approval,,
,,,,,,,,,,physician-no-approval,physician-request without payer approval,physician-request without payer approval,,
,,,,,,,,,,drug-pharmacyUnavailable,drug-pharmacyUnavailable,drug-pharmacyUnavailable,,
,,,,,,,,,,drug-nationallyUnavailable,drug-nationallyUnavailable,drug-nationallyUnavailable,,
,,,,,,,,,,pharmacist-policy-eligibility,Pharmacist selection based on policy eligibility,Pharmacist selection based on patient's insurance policy eligibility,,
,,,,,,,,,,Irreplaceable,SFDA Irreplaceable drugs,SFDA Irreplaceable drugs,,
TRUE,http://nphies.sa/terminology/CodeSystem/pharmacist-substitute,1.0.0,PharmacistSubstitute,Pharmacist Substitute,This Code set include reason for providing a substitution to the prescribed drug,nphies profiles committee,pharmacist-substitute,nphies,pharmacist-substitute.json,strength-not-available,Strength not available at pharmacy store,Strength not available at pharmacy store,,
,,,,,,,,,,form-not-available,Dosage form not available,Dosage form not available,,
,,,,,,,,,,Irreplaceable,SFDA Irreplaceable drugs,SFDA Irreplaceable drugs,,
,,,,,,,,,,Others ,Others : specify,Others : specify other unlisted reason,,
FALSE,http://hl7.org/fhir/CodeSystem/medicationrequest-status,4.0.1,MedicationRequestStatus,Medicationrequest Status,This code set include MedicationRequest Status Codes,FHIR Infrastructure  Work Group,Medicationrequest-status,Health Level 7,Medicationrequest-status.json,active,Active,"The prescription is 'actionable', but not all actions that are implied by it have occurred yet.",,
,,,,,,,,,,on-hold,On Hold,"Actions implied by the prescription are to be temporarily halted, but are expected to continue later. May also be called 'suspended'.",,
,,,,,,,,,,cancelled,Cancelled,The prescription has been withdrawn before any administrations have occurred,,
,,,,,,,,,,completed,Completed,All actions that are implied by the prescription have occurred.,,
,,,,,,,,,,entered-in-error,Entered in Error,"Some of the actions that are implied by the medication request may have occurred. For example, the medication may have been dispensed and the patient may have taken some of the medication. Clinical decision support systems should take this status into account",,
,,,,,,,,,,stopped,Stopped,"Actions implied by the prescription are to be permanently halted, before all of the administrations occurred. This should not be used if the original order was entered in error",,
,,,,,,,,,,draft,Draft,"The prescription is not yet 'actionable', e.g. it is a work in progress, requires sign-off, verification or needs to be run through decision support process.",,
,,,,,,,,,,unknown,Unknown,"The authoring/source system does not know which of the status values currently applies for this observation. Note: This concept is not to be used for 'other' - one of the listed statuses is presumed to apply, but the authoring/source system does not know which.",,
FALSE,http://hl7.org/fhir/CodeSystem/medicationrequest-intent,4.0.1,MedicationRequestIntent,MedicationRequest Intent,This code set include MedicationRequest Intent Codes,FHIR Infrastructure  Work Group,MedicationRequest-Intent,Health Level 7,MedicationRequest-Intent.json,proposal,Proposal,The request is a suggestion made by someone/something that doesn't have an intention to ensure it occurs and without providing an authorization to act,,
,,,,,,,,,,plan,Plan,The request represents an intention to ensure something occurs without providing an authorization for others to act.,,
,,,,,,,,,,order,Order,The request represents a request/demand and authorization for action,,
,,,,,,,,,,original-order,Original Order,The request represents the original authorization for the medication request.,,
,,,,,,,,,,reflex-order,Reflex Order,The request represents an automatically generated supplemental authorization for action based on a parent authorization together with initial results of the action taken against that parent authorization..,,
,,,,,,,,,,filler-order,Filler Order,The request represents the view of an authorization instantiated by a fulfilling system representing the details of the fulfiller's intention to act upon a submitted order.,,
,,,,,,,,,,instance-order,Instance Order,"The request represents an instance for the particular order, for example a medication administration record.",,
,,,,,,,,,,option,Option,"The request represents a component or option for a RequestGroup that establishes timing, conditionality and/or other constraints among a set of requests.",,
TRUE,http://nphies.sa/terminology/CodeSystem/emergency-department-disposition,1.0.0,EmergencyDepartmentDisposition,Emergency Department Disposition,This Cod Set include The encounter emergency department disposition,nphies profiles committee,emergency-department-disposition,nphies,emergency-department-disposition.json,AH,Admitted to this hospital,Admitted to this hospital,,
,,,,,,,,,,NAD,Non-admitted patient ED episode completed-departed without being admitted or referred to another hospital,Non-admitted patient ED episode completed-departed without being admitted or referred to another hospital,,
,,,,,,,,,,NAR,Non-admitted patient ED episode completed -referred to another hospital for admission;,Non-admitted patient ED episode completed -referred to another hospital for admission;,,
,,,,,,,,,,DNW,Did not wait to be attended by a health care professional,Did not wait to be attended by a health care professional,,
,,,,,,,,,,LAOR,"Left at own risk after being attended by a health care professional, but before the non-admitted patient ED service episode was completed","Left at own risk after being attended by a health care professional, but before the non-admitted patient ED service episode was completed",,
,,,,,,,,,,DED,Died in ED,Died in ED,,
,,,,,,,,,,DOA,Dead on arrival,Dead on arrival,,
,,,,,,,,,,R,"Registered, advised of another health care service, and left the ED without being attended by a health care professional","Registered, advised of another health care service, and left the ED
without being attended by a health care professional",,
TRUE,http://nphies.sa/terminology/CodeSystem/condition-onset,1.0.0,ConditionOnset,Condition Onset,This code Set includes diagnosis condition onset,nphies profiles committee,condition-onset,nphies,condition-onset.json,COEA,Condition with onset during the episode of admitted patient care,Condition with onset during the episode of admitted patient care,,
,,,,,,,,,,CNNA,Condition not noted as arising during the episode of admitted patient care,Condition not noted as arising during the episode of admitted patient care,,
,,,,,,,,,,NR,Not reported,Not reported,,
TRUE,http://nphies.sa/terminology/CodeSystem/emergency-arrival-code,1.0.0,EmergencyArrivalCode,Emergency Arrival Code,This Code Set includes The encounter emergency arrival code,nphies profiles committee,emergency-arrival-code,nphies,emergency-arrival-code.json,GEMSA,Ground EMS Ambulance,Ground EMS Ambulance,,
,,,,,,,,,,MOHA,Ground MOH Ambulance,Ground MOH Ambulance,,
,,,,,,,,,,GCDA,Ground Civil Defense Ambulance,Ground Civil Defense Ambulance,,
,,,,,,,,,,GMA,Ground Military Ambulance,Ground Military Ambulance,,
,,,,,,,,,,GPA,Ground Private Ambulance,Ground Private Ambulance,,
,,,,,,,,,,EMSAA,EMS Air Ambulance,EMS Air Ambulance,,
,,,,,,,,,,ACDA,Air Civil Defense Ambulance,Air Civil Defense Ambulance,,
,,,,,,,,,,AMA,Air Military Ambulance,Air Military Ambulance,,
,,,,,,,,,,PV,Police Vehicle,Police Vehicle,,
,,,,,,,,,,OGV,Other Government Vehicles,Other Government Vehicles,,
,,,,,,,,,,PV,Personal Vehicle,Personal Vehicle,,
,,,,,,,,,,other,Other,Other,,
,,,,,,,,,,unknown,Not stated/unknown,Not stated/unknown,,
TRUE,http://nphies.sa/terminology/CodeSystem/triage-category,1.0.0,TriageCategory,Triage Category,this codeset includes enocunter triage category,nphies profiles committee,triage-category,nphies,triage-category.json,IR,Immediate resuscitation,Immediate resuscitation,,
,,,,,,,,,,VU,Very Urgent,Very Urgent,,
,,,,,,,,,,U,Urgent,Urgent,,
,,,,,,,,,,SER,Standard ER,Standard ER,,
,,,,,,,,,,NU,Non-Urgent,Non-Urgent,,
TRUE,http://nphies.sa/terminology/CodeSystem/service-event-type,1.0.0,ServiceEventType,Service Event Type,this codeset includes Claim service event type,nphies profiles committee,service-event-type,nphies,service-event-type.json,ICSE,Initial client service event,Initial client service event,,
,,,,,,,,,,SCSE,Subsequent client service event,Subsequent client service event,,
TRUE,http://nphies.sa/terminology/CodeSystem/cause-of-death,1.0.0,CauseOfdeath,Cause of death,this codeset includes Encounter Cause of Death,WHO,cause-of-death,WHO,cause-of-death.json,---,---,List of valid WHO cause of death ICD 10 codes_1999-2011 is available in the appendix:  Appendix=cause-of-death,Sheet: cause-of-death,
TRUE,http://nphies.sa/terminology/CodeSystem/intended-length-of-stay,1.0.0,IntendedLengthOfStay,Intended Length Of Stay,this codeset includes The intednded length of stay,nphies profiles committee,intended-length-of-stay,nphies,"intended-length-of-stay,json",ISD,Intended same day,Intended same day,,
,,,,,,,,,,IO,Intended overnight,Intended overnight,,
TRUE,http://nphies.sa/terminology/CodeSystem/occupation,1.0.0,Occupation,Occupation,this codeset includes Patient occupation as per the nphies adopted list of occupations,nphies profiles committee,Occupation,nphies,Occupation.json,administration,Administration,Administration,,
,,,,,,,,,,agriculture,Agriculture,Agriculture,,
,,,,,,,,,,business,Business,Business,,
,,,,,,,,,,education,Education,Education,,
,,,,,,,,,,housewife,Housewife,Housewife,,
,,,,,,,,,,marine,Marine,Marine,,
,,,,,,,,,,medical field,Medical Field,Medical Field,,
,,,,,,,,,,military,Military,Military,,
,,,,,,,,,,skilled worker,Skilled Worker,Skilled Worker,,
,,,,,,,,,,student,Student,Student,,
,,,,,,,,,,oil industries,Oil Industries,Oil Industries,,
,,,,,,,,,,unemployed,Unemployed,Unemployed,,
,,,,,,,,,,others,Others,Others,,
,,,,,,,,,,unknown,Unknown,Unknown,,
TRUE,http://nphies.sa/terminology/CodeSystem/investigation-result,1.0.0,InvestigationResult,Investigation Result,this codeset includes Investigation Results Supporting info Codes,nphies profiles committee,investigation-result,nphies,investigation-result.json,IRA,Investigation results attached,Investigation results attached,,
,,,,,,,,,,INP,Investigation(s) not performed,Investigation(s) not performed,,
,,,,,,,,,,IRP,Investigation results pending,Investigation results pending,,
,,,,,,,,,,NA,Not applicable,Not applicable,,
,,,,,,,,,,other,Other,Other,,
TRUE,http://nphies.sa/terminology/CodeSystem/morphology-code,1.0.0,MorphologyCode,Morphology Code,this codeset includes Morphology Supporting info Codes,WHO,morphology-code,WHO,morphology-codes.json,-------,-------,List of morphology codes is available and downloadable from website: https://www.seha.sa/ ,External: morphology-codes,
TRUE,http://nphies.sa/terminology/CodeSystem/provider-type,1.0.0,ProviderType,Provider Type,this codeset includes Provider Types,nphies profiles committee,provider-type,nphies,provider-type.json,1,Hospital,Hospital,,
,,,,,,,,,,2,General Medical Complex,General Medical Complex,,
,,,,,,,,,,3,Specialized Medical Complex,Specialized Medical Complex,,
,,,,,,,,,,4,Diagnostic Center,Diagnostic Center,,
,,,,,,,,,,5,Clinic,Clinic,,
,,,,,,,,,,6,Pharmacy,Pharmacy,,
,,,,,,,,,,7,Laboratory,Laboratory,,
,,,,,,,,,,8,Physiotherapy Center,Physiotherapy Center,,
,,,,,,,,,,9,Radiotherapy Center,Radiotherapy Center,,
TRUE,"
""http://nphies.sa/terminology/CodeSystem/weight-absence-reason",1.0.0,WeightAbsenceReason,Weight Absence Reason,this code set includes the permissible values when the weight is not provided.,nphies profiles committee,Weight-Absence-Reason,nphies,Weight-Absence-Reason.json,999.9,Not Collected,Not Collected,,
TRUE,"
""http://nphies.sa/terminology/CodeSystem/blood-pressure-absence-reason",,BloodPressureAbsenceReason,Blood Pressure Absence Reason,this code set includes the permissible values when the blood pressure is not provided.,,,,bood-pressure-Absence-Reason.json,888,Not measurable,Not measurable,,
,,1.0.0,,,,nphies profiles committee,Blood-Pressure-Absence-Reason,nphies,,999,Unknown,Unknown,,
TRUE,"
""http://nphies.sa/terminology/CodeSystem/height-absence-reason",1.0.0,HeightAbsenceReason,Height Absence Reason,this code set includes the permissible values when the height is not provided.,nphies profiles committee,Height-Absence-Reason,nphies,Height-Absence-Reason.json,999.9,Not Measured,Not Measured,,
TRUE,"
""http://nphies.sa/terminology/CodeSystem/temperature-absence-reason",1.0.0,TemperatureAbsenceReason,Temperature Absence Reason,this code set includes the permissible values when the temperature is not provided.,nphies profiles committee,Temperature-Absence-Reason,nphies,Temperature-Absence-Reason.json,88,Not Obtained,Not Obtained,,
,,,,,,,,,,99,Unknown,Unknown,,
TRUE,"
""http://nphies.sa/terminology/CodeSystem/pulse-absence-reason",1.0.0,PulseAbsenceReason,Pulse Absence Reason,this code set includes the permissible values when the pulse is not provided.,nphies profiles committee,Pulse-Absence-Reason,nphies,Pulse-Absence-Reason.json,997,Cardiac Arrest,Cardiac Arrest,,
,,,,,,,,,,998,Not Recorded,Not Recorded,,
,,,,,,,,,,999,Not stated/inadequately described,Not stated/inadequately described,,
TRUE,"
""http://nphies.sa/terminology/CodeSystem/oxygen-saturation-absence-reason",1.0.0,OxygenSaturationAbsenceReason,Oxygen Saturation Absence Reason,this code set includes the permissible values when the Oxygen saturation is not provided.,nphies profiles committee,Oxygen-Saturation-Absence-Reason,nphies,Oxygen-Saturation-Absence-Reason.json,888,Not Obtained,Not Obtained,,
,,,,,,,,,,999,Unknown,Unknown,,
TRUE,"
""http://nphies.sa/terminology/CodeSystem/respiratory-rate-absence-reason",1.0.0,respiratory-rate-absence-reason,respiratory-rate-absence-reason,this code set includes the permissible values when the respiratory rate is not provided.,nphies profiles committee,Respiratory-Rate-Absence-Reason,nphies,Respiratory-Rate-Absence-Reason.json,00,Artificial Ventilation,Artificial Ventilation,,
,,,,,,,,,,88,Not Obtained,Not Obtained,,
,,1.0.0,,,,,,,,99,Unknown,Unknown,,
TRUE,"
""http://nphies.sa/terminology/CodeSystem/morphology-diagnosis",1.0.0,MorphologyDiagnosis,Morphology Diagnosis,This code set includes Morphology diagnosis,nphies profiles committee,Morphology-Diagnosis,WHO,Morphology-Diagnosis.json,---,---,"List of diagnosis codes from ICD-10 that require an accompanying morphology ICD code, which is available and downloadable from website: https://www.seha.sa/ ",External: morphology-Dx,
TRUE,"
""http://nphies.sa/terminology/CodeSystem/rta-diagnosis",1.0.0,RtaDiagnosis,Rta Diagnosis,This code set includes RTA diagnosis,nphies profiles committee,Rta-Diagnosis,nphies,Rta-Diagnosis.json,---,---,"List of diagnosis codes from ICD-10  that require reporting for accident with type""WPA - Work Place Accident"", which is available in appendix: Appendix=RTA diagnosis",Sheet: Appendix=RTA diagnosis,
TRUE,"
""http://nphies.sa/terminology/CodeSystem/work-related-diagnosis",1.0.0,WorkRelatedDiagnosis,Work Related Diagnosis,This code set includes work related diagnosis,nphies profiles committee,Work-Related-Diagnosis,nphies,Work-Related-Diagnosis.json,Y96,Work-related condition,"This diagnosis code from ICD-10; requires reporting for accident with type""MVA-Motor Vehicle Accident""",,
